{
    "name": "TestSubLoc",
    "desc": "TestSubLocdesc",
    "type": [
        "native"
    ],
    "skipTest": true,
    "states": {
        "TestSubLoc": {
            "controller": "NativeSubLocationCtrl",
            "data": {
                "priority": 0,
                "label": {
                    "source": "/i18n/TestSubLocMessages",
                    "key": "TestSubLocTitle"
                },
                "clientScopeURI": "",
                "nameToken": "TestSubLoc",
                "context": {
                    "search": {
                        "chartTitle": {
                            "source": "/i18n/TestSubLocMessages",
                            "key": "TestSubLocChartTitle"
                        }
                    }
                }
            },
            "dependencies": [
                "js/aw.native.sublocation.controller"
            ],
            "params": {
                "filter": null
            },
            "parent": "TestLoc",
            "reloadOnSearch": false,
            "templateUrl": "/html/aw.native.sublocation.html",
            "type": "subLocation",
            "url": "/TestSubLoc"
        },
        "TestLoc": {
            "data": {
                "browserTitle": {
                    "source": "/i18n/TestSubLocMessages",
                    "key": "TestLocBrowserTitle"
                },
                "browserSubTitle": {
                    "source": "/i18n/TestSubLocMessages",
                    "key": "TestLocBrowserSubTitle"
                },
                "headerTitle": {
                    "source": "/i18n/TestSubLocMessages",
                    "key": "TestLocHeaderTitle"
                }
            },
            "type": "location"
        }
    },
    "commandsViewModel": {
        "commands": {
            "nextViewMode": {
                "iconId": "cmd2DView",
                "title": "Next View Mode"
            }
        },
        "commandHandlers": {
            "nextViewModeHandler": {
                "id": "nextViewMode",
                "action": "nextViewModeAction",
                "activeWhen": {
                    "condition": "conditions.inGeneratedSubLocation"
                },
                "visibleWhen": {
                    "condition": "conditions.inGeneratedSubLocation"
                }
            }
        },
        "commandPlacements": {
            "nextViewModePlacement": {
                "id": "nextViewMode",
                "uiAnchor": "aw_display",
                "priority": 100
            }
        },
        "actions": {
            "nextViewModeAction": {
                "actionType": "JSFunction",
                "method": "changeViewMode",
                "deps": "js/simpleViewModeService",
                "inputData": {}
            }
        },
        "conditions": {
            "inGeneratedSubLocation": {
                "expression": "ctx.sublocation.nameToken === 'TestSubLoc'"
            }
        },
        "i18n": {}
    }
}