{
    "schemaVersion": "1.0.0",
    "imports": [
        "js/aw-table.directive"
    ],

    "actions": {
        "doGridDataProvider": {
            "actionType": "dataProvider",
            "method": "gridDataProvider"
        },
        "search": {
            "actionType": "TcSoaService",
            "serviceName": "Internal-AWS2-2016-03-Finder",
            "method": "performSearch",
            "inputData": {
                "columnConfigInput": {
                    "clientName": "AWClient",
                    "clientScopeURI": "Awp0SearchResults",
                    "operationType": "intersection"
                },
                "searchInput": {
                    "attributesToInflate": ["object_name", "checked_out_user", "object_desc", "release_status_list", "fnd0InProcess"],
                    "maxToLoad": 50,
                    "maxToReturn": 50,
                    "providerName": "Awp0FullTextSearchProvider",
                    "searchCriteria": {
                        "searchString": "*"
                    },
                    "searchFilterFieldSortType": "Priority",
                    "searchFilterMap": "{{ctx.search.activeFilterMap}}",
                    "startIndex": "{{data.dataProviders.listDataProvider.startIndex}}"
                }
            },
            "policy": {
                "types": [{
                    "name": "BusinessObject",
                    "properties": [{
                            "name": "object_string",
                            "count": 0
                        },

                        {
                            "name": "object_name",
                            "count": 0
                        },

                        {
                            "name": "object_desc",
                            "count": 0
                        },

                        {
                            "name": "release_status_list",
                            "count": 0
                        },

                        {
                            "name": "item_id",
                            "count": 0
                        },

                        {
                            "name": "item_revision_id",
                            "count": 0
                        },

                        {
                            "name": "last_mod_date",
                            "count": 0
                        },

                        {
                            "name": "creation_date",
                            "count": 0
                        },

                        {
                            "name": "owning_user",
                            "count": 0
                        }, {
                            "name": "awp0CellProperties"
                        }
                    ]
                }]
            },
            "outputData": {
                "totalFound": "totalFound",
                "searchResults": "searchResults",
                "ctx.search.totalFound": "totalFound",
                "ctx.search.totalLoaded": "totalLoaded",
                "ctx.search.filterMap": "searchFilterMap",
                "ctx.search.filterCategories": "searchFilterCategories",
                "ctx.search.objectsGroupedByProperty": "objectsGroupedByProperty"
            }
        },
        "loadColumns": {
            "actionType": "JSFunction",
            "method": "loadColumns",
            "inputData": {
                "dataProvider": "{{data.dataProviders.gridDataProvider}}"
            },
            "deps": "js/TestSubLocTableService"
        }
    },

    "columnProviders": {
        "staticColumnProvider": {
            "loadColumnAction": "loadColumns",
            "columns": "{{data.columns}}",
            "sortCriteria": []
        }
    },

    "dataProviders": {
        "gridDataProvider": {
            "action": "search",
            "editContext": "TABLE_CONTEXT",
            "response": "{{data.searchResults}}",
            "totalFound": "{{data.totalFound}}",
            "selectionModelMode": "multiple"
        },
        "clientScope": {
            "clientScopeUI": "Awp0SearchResults"
        }
    },

    "grids": {
        "gridView": {
            "dataProvider": "gridDataProvider",
            "columnProvider": "staticColumnProvider",
            "gridOptions": {
                "enablePinning": true
            }
        }
    },

    "onEvent": [{
        "eventId": "gridView.initialized",
        "action": "doGridDataProvider"
    }]
}