{
    "schemaVersion" : "1.0.0",
    "imports":
    [
        "js/aw-panel-body.directive",
        "js/aw-list.directive",
        "js/aw-default-cell.directive"
    ],

    "actions":
    {
        "reveal":
        {
            "actionType": "dataProvider",
            "method": "listDataProvider"
        },
        "search":
        {
            "actionType": "TcSoaService",
            "serviceName": "Internal-AWS2-2016-03-Finder",
            "method": "performSearch",
            "inputData":
            {
                "columnConfigInput":
                {
                    "clientName": "AWClient",
                    "clientScopeURI":"Awp0SearchResults",
                    "columnsToExclude": [],
                    "hostingClientName": "",
                    "operationType": "intersection"
                },
                "saveColumnConfigData":
                {
                    "columnConfigId": "",
                    "clientScopeURI": "",
                    "columns": [],
                    "scope": "",
                    "scopeName": ""
                },
                "searchInput":
                {
                    "attributesToInflate": [ "object_name", "checked_out_user", "object_desc", "release_status_list", "fnd0InProcess" ],
                    "maxToLoad": 50,
                    "maxToReturn": 50,
                    "providerName": "Awp0FullTextSearchProvider",
                    "searchCriteria":
                    {
                       "searchString": "*"
                    },
                    "searchFilterFieldSortType": "Priority",
                    "searchFilterMap": "{{ctx.search.activeFilterMap}}",
                    "startIndex": "{{data.dataProviders.listDataProvider.startIndex}}"
                }
            },
            "policy":
            {
                "types":
                [
                    {
                        "name": "BusinessObject",
                        "properties":
                        [
                            {
                                "name": "awp0CellProperties"
                            }
                        ]
                    }
                ]
            },
            "outputData":
            {
                "totalFound": "totalFound",
                "searchResults": "searchResults",
                "ctx.search.totalFound": "totalFound",
                "ctx.search.totalLoaded": "totalLoaded",
                "ctx.search.filterMap": "searchFilterMap",
                "ctx.search.filterCategories": "searchFilterCategories",
                "ctx.search.objectsGroupedByProperty": "objectsGroupedByProperty"
            }
        }
    },

    "dataProviders":
    {
        "listDataProvider":
        {
            "action": "search",
            "response": "{{data.searchResults}}",
            "totalFound": "{{data.totalFound}}",
            "selectionModelMode": "multiple"
        }
    },

    "onEvent": [{
        "eventId": "dataProvider.reset",
        "action": "reveal"
    }, {
        "eventId": "TestSubLocList.contentLoaded",
        "action": "reveal"
    }]
}
